{
    "1": "Success is not final, failure is not fatal: It is the courage to continue that counts. - Winston Churchill",
    "2": "The only way to do great work is to love what you do. - Steve Jobs",
    "3": "In the middle of difficulty lies opportunity. - Albert Einstein",
    "4": "Believe you can and you're halfway there. - Theodore Roosevelt",
    "5": "The future belongs to those who believe in the beauty of their dreams. - Eleanor Roosevelt",
    "6": "The only limit to our realization of tomorrow will be our doubts of today. - Franklin D. Roosevelt",
    "7": "Your time is limited, don't waste it living someone else's life. - Steve Jobs",
    "8": "The best way to predict the future is to create it. - Peter Drucker",
    "9": "Don’t watch the clock; do what it does. Keep going. - Sam Levenson",
    "10": "The only thing worse than being blind is having sight but no vision. - Helen Keller",
    "11": "Happiness is not something ready-made. It comes from your own actions. - Dalai Lama",
    "12": "The greatest glory in living lies not in never falling, but in rising every time we fall. - Nelson Mandela",
    "13": "You miss 100% of the shots you don't take. - Wayne Gretzky",
    "14": "The only person you are destined to become is the person you decide to be. - Ralph Waldo Emerson",
    "15": "Opportunities don't happen, you create them. - Chris Grosser",
    "16": "The future depends on what you do today. - Mahatma Gandhi",
    "17": "Success is walking from failure to failure with no loss of enthusiasm. - Winston Churchill",
    "18": "The way to get started is to quit talking and begin doing. - Walt Disney",
    "19": "The only limit to our realization of tomorrow will be our doubts of today. - Franklin D. Roosevelt",
    "20": "Believe in yourself and all that you are. Know that there is something inside you that is greater than any obstacle. - Christian D. Larson",
    "21": "Don’t be pushed by your problems. Be led by your dreams. - Ralph Waldo Emerson",
    "22": "Success usually comes to those who are too busy to be looking for it. - Henry David Thoreau",
    "23": "You are never too old to set another goal or to dream a new dream. - C.S. Lewis",
    "24": "The only way to do great work is to love what you do. - Steve Jobs",
    "25": "The harder you work for something, the greater you'll feel when you achieve it. - Unknown",
    "26": "Don’t watch the clock; do what it does. Keep going. - Sam Levenson",
    "27": "You can't go back and change the beginning, but you can start where you are and change the ending. - C.S. Lewis",
    "28": "The best way to predict the future is to create it. - Peter Drucker",
    "29": "If you want to achieve greatness, stop asking for permission. - Anonymous",
    "30": "Life is 10% what happens to us and 90% how we react to it. - Charles R. Swindoll",
    "31": "Don't let yesterday take up too much of today. - Will Rogers",
    "32": "The only thing worse than being blind is having sight but no vision. - Helen Keller",
    "33": "Strive not to be a success, but rather to be of value. - Albert Einstein",
    "34": "The biggest risk is not taking any risk. In a world that's changing quickly, the only strategy that is guaranteed to fail is not taking risks. - Mark Zuckerberg",
    "35": "The true measure of success is how many times you can bounce back from failure. - Stephen Richards",
    "36": "Do not wait to strike till the iron is hot; but make it hot by striking. - William Butler Yeats",
    "37": "Failure is simply the opportunity to begin again, this time more intelligently. - Henry Ford",
    "38": "Success is not the key to happiness. Happiness is the key to success. If you love what you are doing, you will be successful. - Albert Schweitzer",
    "39": "Dream big and dare to fail. - Norman Vaughan",
    "40": "Life is either a daring adventure or nothing at all. - Helen Keller",
    "41": "Everything you’ve ever wanted is on the other side of fear. - George Addair",
    "42": "The only thing standing between you and your goal is the story you keep telling yourself as to why you can't achieve it. - Jordan Belfort",
    "43": "The future belongs to those who believe in the beauty of their dreams. - Eleanor Roosevelt",
    "44": "Success is the sum of small efforts, repeated day in and day out. - Robert Collier",
    "45": "Challenges are what make life interesting and overcoming them is what makes life meaningful. - Joshua J. Marine",
    "46": "Believe you can and you're halfway there. - Theodore Roosevelt",
    "47": "The only limit to our realization of tomorrow will be our doubts of today. - Franklin D. Roosevelt",
    "48": "Your time is limited, don't waste it living someone else's life. - Steve Jobs",
    "49": "The best way to predict the future is to create it. - Peter Drucker",
    "50": "The only thing worse than being blind is having sight but no vision. - Helen Keller",
    "51": "Success is not the key to happiness. Happiness is the key to success. If you love what you are doing, you will be successful. - Albert Schweitzer",
    "52": "Dream big and dare to fail. - Norman Vaughan",
    "53": "Life is either a daring adventure or nothing at all. - Helen Keller",
    "54": "Everything you’ve ever wanted is on the other side of fear. - George Addair",
    "55": "The only thing standing between you and your goal is the story you keep telling yourself as to why you can't achieve it. - Jordan Belfort",
    "56": "The future belongs to those who believe in the beauty of their dreams. - Eleanor Roosevelt",
    "57": "Success is the sum of small efforts, repeated day in and day out. - Robert Collier",
    "58": "Challenges are what make life interesting and overcoming them is what makes life meaningful. - Joshua J. Marine",
    "59": "Believe you can and you're halfway there. - Theodore Roosevelt",
    "60": "The only limit to our realization of tomorrow will be our doubts of today. - Franklin D. Roosevelt",
    "61": "Your time is limited, don't waste it living someone else's life. - Steve Jobs",
    "62": "The best way to predict the future is to create it. - Peter Drucker",
    "63": "The only thing worse than being blind is having sight but no vision. - Helen Keller",
    "64": "Success is not final, failure is not fatal: It is the courage to continue that counts. - Winston Churchill",
    "65": "The only way to do great work is to love what you do. - Steve Jobs",
    "66": "In the middle of difficulty lies opportunity. - Albert Einstein",
    "67": "Believe you can and you're halfway there. - Theodore Roosevelt",
    "68": "The future belongs to those who believe in the beauty of their dreams. - Eleanor Roosevelt",
    "69": "The only limit to our realization of tomorrow will be our doubts of today. - Franklin D. Roosevelt",
    "70": "Your time is limited, don't waste it living someone else's life. - Steve Jobs",
    "71": "The best way to predict the future is to create it. - Peter Drucker",
    "72": "Don’t watch the clock; do what it does. Keep going. - Sam Levenson",
    "73": "The only thing worse than being blind is having sight but no vision. - Helen Keller",
    "74": "Happiness is not something ready-made. It comes from your own actions. - Dalai Lama",
    "75": "The greatest glory in living lies not in never falling, but in rising every time we fall. - Nelson Mandela",
    "76": "You miss 100% of the shots you don't take. - Wayne Gretzky",
    "77": "The only person you are destined to become is the person you decide to be. - Ralph Waldo Emerson",
    "78": "Opportunities don't happen, you create them. - Chris Grosser",
    "79": "The future depends on what you do today. - Mahatma Gandhi",
    "80": "Success is walking from failure to failure with no loss of enthusiasm. - Winston Churchill",
    "81": "The way to get started is to quit talking and begin doing. - Walt Disney",
    "82": "The only limit to our realization of tomorrow will be our doubts of today. - Franklin D. Roosevelt",
    "83": "Believe in yourself and all that you are. Know that there is something inside you that is greater than any obstacle. - Christian D. Larson",
    "84": "Don’t be pushed by your problems. Be led by your dreams. - Ralph Waldo Emerson",
    "85": "Success usually comes to those who are too busy to be looking for it. - Henry David Thoreau",
    "86": "You are never too old to set another goal or to dream a new dream. - C.S. Lewis",
    "87": "The only way to do great work is to love what you do. - Steve Jobs",
    "88": "The harder you work for something, the greater you'll feel when you achieve it. - Unknown",
    "89": "Don’t watch the clock; do what it does. Keep going. - Sam Levenson",
    "90": "You can't go back and change the beginning, but you can start where you are and change the ending. - C.S. Lewis",
    "91": "The best way to predict the future is to create it. - Peter Drucker",
    "92": "If you want to achieve greatness, stop asking for permission. - Anonymous",
    "93": "Life is 10% what happens to us and 90% how we react to it. - Charles R. Swindoll",
    "94": "Don't let yesterday take up too much of today. - Will Rogers",
    "95": "The only thing worse than being blind is having sight but no vision. - Helen Keller",
    "96": "Strive not to be a success, but rather to be of value. - Albert Einstein",
    "97": "The biggest risk is not taking any risk. In a world that's changing quickly, the only strategy that is guaranteed to fail is not taking risks. - Mark Zuckerberg",
    "98": "The true measure of success is how many times you can bounce back from failure. - Stephen Richards",
    "99": "Do not wait to strike till the iron is hot; but make it hot by striking. - William Butler Yeats",
    "100": "Failure is simply the opportunity to begin again, this time more intelligently. - Henry Ford"
}
  